{"cameraMode":{"drawMode":0,"name":"Shaded","section":"Shading Mode"},"sceneLighting":false,"audioPlay":false,"sceneViewState":{"showFog":true,"showMaterialUpdate":false,"showSkybox":true,"showFlares":true,"showImageEffects":true,"showParticleSystems":true},"in2DMode":false,"pivot":{"x":1.2673916816711426,"y":5.714405059814453,"z":7.3293070793151859},"rotation":{"x":-0.4683176577091217,"y":-0.4944056272506714,"z":0.3645871877670288,"w":-0.6350730657577515},"size":15.845754623413086,"orthographic":false}