{"cameraMode":{"drawMode":0,"name":"Shaded","section":"Shading Mode"},"sceneLighting":false,"audioPlay":false,"sceneViewState":{"showFog":true,"showMaterialUpdate":false,"showSkybox":true,"showFlares":true,"showImageEffects":true,"showParticleSystems":true},"in2DMode":false,"pivot":{"x":6.163095474243164,"y":-0.20928955078125,"z":5.806946754455566},"rotation":{"x":0.5029798746109009,"y":-0.38206246495246889,"z":0.26357629895210268,"w":0.7290865778923035},"size":17.6765193939209,"orthographic":false}